relation_id,source_product_key,source_product_name,relation_type,target_product_key,target_product_name,relation_label,scenario,evidence_type,evidence_field,evidence_text,evidence_url,confidence,review_status,reviewer,reviewed_at,notes
REL-055B70C8732F,BODYGEL2::奥费恩洁肤露,奥费恩洁肤露,SCENT_RITUAL_WITH,HAIRORPHHMIST::奥费恩发香喷雾,奥费恩发香喷雾,香气延续,身体护理与个人香氛仪式,normalized_collection+curatorial_rule+model_review+codex_rule_gate,collection_or_scent,同一已清洗系列：奥费恩,https://www.diptyque-cn.com/p/orpheon-cleansing-hand-and-body-gel-1.html,0.78,approved,codex_model_assisted_review,2026-07-27,策展推荐，不代表品牌点名该具体组合。模型初审理由：奥费恩洁肤露与发香喷雾同系列，香材一致，适合香氛仪式。 规则复核：同系列身体护理与个人香氛，模型与结构规则一致。
REL-06F8800B7EF0,BODYLOTIONS::玫瑰香调润肤乳,玫瑰香调 - 润肤乳,SCENT_RITUAL_WITH,HOMERSP4::玫瑰香调固体香膏,玫瑰香调 - 固体香膏,香气延续,身体护理与个人香氛仪式,normalized_collection+curatorial_rule+model_review+codex_rule_gate,collection_or_scent,同一已清洗系列：玫瑰香调,https://www.diptyque-cn.com/p/eau-rose-hand-and-body-lotion-1.html,0.78,approved,codex_model_assisted_review,2026-07-27,策展推荐，不代表品牌点名该具体组合。模型初审理由：同一已清洗系列'玫瑰香调'，香调匹配，身体护理与个人香氛互补，符合政策。 规则复核：同系列身体护理与个人香氛，模型与结构规则一致。
REL-079856C26651,BODYLOTIONS::玫瑰香调润肤乳,玫瑰香调 - 润肤乳,SCENT_RITUAL_WITH,HAIRMIST3::玫瑰香调发香喷雾,玫瑰香调发香喷雾,香气延续,身体护理与个人香氛仪式,normalized_collection+curatorial_rule+model_review+codex_rule_gate,collection_or_scent,同一已清洗系列：玫瑰香调,https://www.diptyque-cn.com/p/eau-rose-hand-and-body-lotion-1.html,0.78,approved,codex_model_assisted_review,2026-07-27,策展推荐，不代表品牌点名该具体组合。模型初审理由：同一已清洗系列'玫瑰香调'，香调匹配，身体护理与发香喷雾互补，符合政策。 规则复核：同系列身体护理与个人香氛，模型与结构规则一致。
REL-08A36B22BD20,CANDLEFI::香氛蜡烛无花果,香氛蜡烛-无花果,PAIRS_WITH,HOMERSP::无花果室内喷雾,无花果 - 室内喷雾,搭配,同系列香气或同设计搭配,normalized_collection+curatorial_rule+model_review+codex_rule_gate,collection_or_scent,同一已清洗系列：无花果,https://www.diptyque-cn.com/p/bougie-figuier-190-remavp.html,0.80,approved,codex_model_assisted_review,2026-07-27,策展推荐，不代表品牌点名该具体组合。模型初审理由：香氛蜡烛与室内喷雾同属无花果系列，家居香氛不同形态可搭配作为同香型组合。 规则复核：同系列且不同香气载体，作为策展搭配发布。
REL-0A3B1B91CDF3,CANDLE34B1500::超大号香氛蜡烛圣日尔曼大道34号,超大号香氛蜡烛-圣日尔曼大道34号,PAIRS_WITH,HOMEHGFOCARB2A::圣日尔曼大道34号扩香精,圣日尔曼大道34号扩香精,搭配,同系列香气或同设计搭配,normalized_collection+curatorial_rule+model_review+codex_rule_gate,collection_or_scent,同一已清洗系列：圣日尔曼大道34号,https://www.diptyque-cn.com/p/34-boulevard-saint-germain-candle-1-5kg.html,0.80,approved,codex_model_assisted_review,2026-07-27,策展推荐，不代表品牌点名该具体组合。模型初审理由：圣日尔曼大道34号系列超大号香氛蜡烛与扩香精为同系列不同家居香氛形式，支持同类香型搭配。 规则复核：同系列且不同香气载体，作为策展搭配发布。
REL-0AB7A76F5C1E,BODYGEL3::肌肤之花洁肤露,肌肤之花洁肤露,SCENT_RITUAL_WITH,DIPXM25LARGEEDPFL::典藏版肌肤之花淡香精,典藏版肌肤之花淡香精,香气延续,身体护理与个人香氛仪式,normalized_collection+curatorial_rule+model_review+codex_rule_gate,collection_or_scent,同一已清洗系列：肌肤之花,https://www.diptyque-cn.com/p/fleur-de-peau-cleansing-hand-and-body-gel.html,0.78,approved,codex_model_assisted_review,2026-07-27,策展推荐，不代表品牌点名该具体组合。模型初审理由：肌肤之花洁肤露与典藏版淡香精同系列气味一致，适合香氛仪式。 规则复核：同系列身体护理与个人香氛，模型与结构规则一致。
REL-0C74F0A87D64,HOMEREEDREFILL200H::玫瑰香调香氛皂,玫瑰香调 - 香氛皂,SCENT_RITUAL_WITH,HOMERSP4::玫瑰香调固体香膏,玫瑰香调 - 固体香膏,香气延续,身体护理与个人香氛仪式,normalized_collection+curatorial_rule+model_review+codex_rule_gate,collection_or_scent,同一已清洗系列：玫瑰香调,https://www.diptyque-cn.com/p/eau-rose-perfumed-soap.html,0.78,approved,codex_model_assisted_review,2026-07-27,策展推荐，不代表品牌点名该具体组合。模型初审理由：同一已清洗系列'玫瑰香调'，香调匹配，香氛皂与固体香膏互补，符合政策。 规则复核：同系列身体护理与个人香氛，模型与结构规则一致。
REL-0CDEDA21FB49,BODYLOTIONS2::晚香玉室内喷雾,晚香玉 - 室内喷雾,PAIRS_WITH,CANDLETBR2::中号香氛蜡烛晚香玉,中号香氛蜡烛-晚香玉,搭配,同系列香气或同设计搭配,normalized_collection+curatorial_rule+model_review+codex_rule_gate,collection_or_scent,同一已清洗系列：晚香玉,https://www.diptyque-cn.com/p/tubereuse-tuberose-room-spray.html,0.80,approved,codex_model_assisted_review,2026-07-27,策展推荐，不代表品牌点名该具体组合。模型初审理由：晚香玉室内喷雾与中号蜡烛同属晚香玉系列，可作为同香型家居香氛搭配。 规则复核：同系列且不同香气载体，作为策展搭配发布。
REL-0DE3827924F8,HOMEHGFOCARB2F::生姜扩香精,生姜扩香精,PAIRS_WITH,HOMERSP2::生姜室内喷雾,生姜室内喷雾,搭配,同系列香气或同设计搭配,normalized_collection+curatorial_rule+model_review+codex_rule_gate,collection_or_scent,同一已清洗系列：生姜,https://www.diptyque-cn.com/p/gingembre-ginger-hourglass-diffuser-2-1.html,0.80,approved,codex_model_assisted_review,2026-07-27,策展推荐，不代表品牌点名该具体组合。模型初审理由：生姜扩香精与生姜室内喷雾为同一系列，同香型搭配。 规则复核：同系列且不同香气载体，作为策展搭配发布。
REL-0EE8197AA264,concept::身体护理::润肤乳::肌肤之花润肤乳,肌肤之花润肤乳,SCENT_RITUAL_WITH,SOLIDPERFUME1::肌肤之花香膏,肌肤之花香膏,香气延续,身体护理与个人香氛仪式,normalized_collection+curatorial_rule+model_review+codex_rule_gate,collection_or_scent,同一已清洗系列：肌肤之花,https://www.diptyque-cn.com/p/fleur-de-peau-hand-and-body-lotion-1.html,0.78,approved,codex_model_assisted_review,2026-07-27,策展推荐，不代表品牌点名该具体组合。模型初审理由：同系列身体护理与个人香氛，匹配。 规则复核：同系列身体护理与个人香氛，模型与结构规则一致。
REL-10A048BE7720,BODYGEL1::希腊无花果香调洁肤露,希腊无花果香调洁肤露,SCENT_RITUAL_WITH,EDPPHILOP75C::希腊无花果香调淡香精,希腊无花果香调淡香精,香气延续,身体护理与个人香氛仪式,normalized_collection+curatorial_rule+model_review+codex_rule_gate,collection_or_scent,同一已清洗系列：希腊无花果,https://www.diptyque-cn.com/p/philosykos-cleansing-hand-and-body-gel-1.html,0.78,approved,codex_model_assisted_review,2026-07-27,策展推荐，不代表品牌点名该具体组合。模型初审理由：希腊无花果洁肤露与淡香精同系列，香材一致，适合香氛仪式。 规则复核：同系列身体护理与个人香氛，模型与结构规则一致。
REL-1218E7D64C50,DECODECO01282::水墨画陶瓷灭烛罩,水墨画陶瓷灭烛罩,PAIRS_WITH,DECODECO01631::水墨画陶瓷烛台,水墨画陶瓷烛台,搭配,同系列香气或同设计搭配,official_product_copy+design_identity+model_review+codex_rule_gate,pdp_long_description,当做灭烛罩使用可以减少蜡烛的烟雾，也可以搭配同款烛台用于室内的装饰。,https://www.diptyque-cn.com/p/landscape-snuffer-deco01282.html,0.86,approved,codex_model_assisted_review,2026-07-27,策展推荐，不代表品牌点名该具体组合。模型初审理由：文案明确提到与同款烛台搭配，设计身份一致（水墨画陶瓷）。 规则复核：官方商品文案点明目标品型，且设计身份规则已对齐。
REL-135F42FA43BF,CANDLEROSE600::大号香氛蜡烛玫瑰,大号香氛蜡烛-玫瑰,PAIRS_WITH,HOMEHGFOCARB2C::玫瑰扩香精,玫瑰扩香精,搭配,同系列香气或同设计搭配,normalized_collection+curatorial_rule+model_review+codex_rule_gate,collection_or_scent,同一已清洗系列：玫瑰,https://www.diptyque-cn.com/p/roses-candle-600g.html,0.80,approved,codex_model_assisted_review,2026-07-27,策展推荐，不代表品牌点名该具体组合。模型初审理由：同一玫瑰系列的大号蜡烛与扩香精，香调一致，可配对。 规则复核：同系列且不同香气载体，作为策展搭配发布。
REL-13AA28FC4B3A,CANDLERO300::中号香氛蜡烛玫瑰,中号香氛蜡烛-玫瑰,PAIRS_WITH,HOMEHGFOCARB2C::玫瑰扩香精,玫瑰扩香精,搭配,同系列香气或同设计搭配,normalized_collection+curatorial_rule+model_review+codex_rule_gate,collection_or_scent,同一已清洗系列：玫瑰,https://www.diptyque-cn.com/p/bougie-ro-300g.html,0.80,approved,codex_model_assisted_review,2026-07-27,策展推荐，不代表品牌点名该具体组合。模型初审理由：同一玫瑰系列的不同家居香氛形式，可作为同香调搭配推荐。 规则复核：同系列且不同香气载体，作为策展搭配发布。
REL-150578DE318C,HOMEHGFOCARB2B::晚香玉扩香精,晚香玉扩香精,PAIRS_WITH,HOMETB600::大号香氛蜡烛晚香玉,大号香氛蜡烛-晚香玉,搭配,同系列香气或同设计搭配,normalized_collection+curatorial_rule+model_review+codex_rule_gate,collection_or_scent,同一已清洗系列：晚香玉,https://www.diptyque-cn.com/p/tubereuse-tuberose-hourglass-diffuser.html,0.80,approved,codex_model_assisted_review,2026-07-27,策展推荐，不代表品牌点名该具体组合。模型初审理由：同属晚香玉系列，扩香精与蜡烛同香型搭配合理。 规则复核：同系列且不同香气载体，作为策展搭配发布。
REL-1B4FBB254951,HOMEHGFOCARB2A::圣日尔曼大道34号扩香精,圣日尔曼大道34号扩香精,PAIRS_WITH,HOMESCO1::圣日尔曼大道34号室内香氛蜡,圣日尔曼大道34号室内香氛蜡,搭配,同系列香气或同设计搭配,normalized_collection+curatorial_rule+model_review+codex_rule_gate,collection_or_scent,同一已清洗系列：圣日尔曼大道34号,https://www.diptyque-cn.com/p/sablier-34-boulevard-saint-germain-2-1.html,0.80,approved,codex_model_assisted_review,2026-07-27,策展推荐，不代表品牌点名该具体组合。模型初审理由：同一已清洗系列圣日尔曼大道34号，扩香精与室内香氛蜡，可作为同香型搭配推荐。 规则复核：同系列且不同香气载体，作为策展搭配发布。
REL-1E6105A600DE,CANDLEBAIESB1500::超大号香氛蜡烛浆果香,超大号香氛蜡烛-浆果香,PAIRS_WITH,HOMERSP8::浆果香扩香精,浆果香 - 扩香精,搭配,同系列香气或同设计搭配,normalized_collection+curatorial_rule+model_review+codex_rule_gate,collection_or_scent,同一已清洗系列：浆果香,https://www.diptyque-cn.com/p/baies-berries-candle-indoor-outdoor.html,0.80,approved,codex_model_assisted_review,2026-07-27,策展推荐，不代表品牌点名该具体组合。模型初审理由：浆果香系列超大号香氛蜡烛与扩香精为同系列不同家居香氛形式，支持同类香型搭配。 规则复核：同系列且不同香气载体，作为策展搭配发布。
REL-1F5E7DB1A8B9,BODYGEL1::希腊无花果香调洁肤露,希腊无花果香调洁肤露,SCENT_RITUAL_WITH,HAIRMIST7::希腊无花果香调发香喷雾,希腊无花果香调发香喷雾,香气延续,身体护理与个人香氛仪式,normalized_collection+curatorial_rule+model_review+codex_rule_gate,collection_or_scent,同一已清洗系列：希腊无花果,https://www.diptyque-cn.com/p/philosykos-cleansing-hand-and-body-gel-1.html,0.78,approved,codex_model_assisted_review,2026-07-27,策展推荐，不代表品牌点名该具体组合。模型初审理由：希腊无花果洁肤露与发香喷雾同系列，香材一致，适合香氛仪式。 规则复核：同系列身体护理与个人香氛，模型与结构规则一致。
REL-22FBC30A5B30,CANDLEBAIES::迷你香氛蜡烛浆果香,迷你香氛蜡烛-浆果香,PAIRS_WITH,HOMERSP8::浆果香扩香精,浆果香 - 扩香精,搭配,同系列香气或同设计搭配,normalized_collection+curatorial_rule+model_review+codex_rule_gate,collection_or_scent,同一已清洗系列：浆果香,https://www.diptyque-cn.com/p/baies-berries-small-candle.html,0.80,approved,codex_model_assisted_review,2026-07-27,策展推荐，不代表品牌点名该具体组合。模型初审理由：迷你香氛蜡烛与扩香精同属浆果香系列，家居香氛不同形态可搭配作为同香型组合。 规则复核：同系列且不同香气载体，作为策展搭配发布。
REL-238699D7DB23,HANDCRE2::杜桑护手霜,杜桑护手霜,SCENT_RITUAL_WITH,HAIRMIST4::杜桑发香喷雾,杜桑发香喷雾,香气延续,身体护理与个人香氛仪式,normalized_collection+curatorial_rule+model_review+codex_rule_gate,collection_or_scent,同一已清洗系列：杜桑,https://www.diptyque-cn.com/p/do-son-hand-cream-45-ml-1.html,0.78,approved,codex_model_assisted_review,2026-07-27,策展推荐，不代表品牌点名该具体组合。模型初审理由：身体护理护手霜与个人香氛发香喷雾同属杜桑系列，香型一致，适合搭配使用。 规则复核：同系列身体护理与个人香氛，模型与结构规则一致。
REL-291E7570EF99,HOMECARDIF6::玫瑰室内喷雾,玫瑰 - 室内喷雾,PAIRS_WITH,HOMESCO4::玫瑰室内香氛蜡,玫瑰室内香氛蜡,搭配,同系列香气或同设计搭配,normalized_collection+curatorial_rule+model_review+codex_rule_gate,collection_or_scent,同一已清洗系列：玫瑰,https://www.diptyque-cn.com/p/roses-room-spray-2.html,0.80,approved,codex_model_assisted_review,2026-07-27,策展推荐，不代表品牌点名该具体组合。模型初审理由：玫瑰室内喷雾与玫瑰室内香氛蜡为同一系列，同香型搭配。 规则复核：同系列且不同香气载体，作为策展搭配发布。
REL-2C9F9E757F23,CANDLE34B600::大号香氛蜡烛圣日尔曼大道34号,大号香氛蜡烛-圣日尔曼大道34号,PAIRS_WITH,HOMERSP1::圣日尔曼大道34号室内喷雾,圣日尔曼大道34号室内喷雾,搭配,同系列香气或同设计搭配,normalized_collection+curatorial_rule+model_review+codex_rule_gate,collection_or_scent,同一已清洗系列：圣日尔曼大道34号,https://www.diptyque-cn.com/p/34-600g.html,0.80,approved,codex_model_assisted_review,2026-07-27,策展推荐，不代表品牌点名该具体组合。模型初审理由：同系列不同家居香氛形式，匹配。 规则复核：同系列且不同香气载体，作为策展搭配发布。
REL-2EFAAEC1F90F,CANDLEBAIESB600::大号香氛蜡烛浆果香,大号香氛蜡烛-浆果香,PAIRS_WITH,HOMESCO2::浆果香室内香氛蜡,浆果香室内香氛蜡,搭配,同系列香气或同设计搭配,normalized_collection+curatorial_rule+model_review+codex_rule_gate,collection_or_scent,同一已清洗系列：浆果香,https://www.diptyque-cn.com/p/berries-candle-600g.html,0.80,approved,codex_model_assisted_review,2026-07-27,策展推荐，不代表品牌点名该具体组合。模型初审理由：浆果香蜡烛与室内香氛蜡同属浆果香系列，可作为同香型家居香氛搭配。 规则复核：同系列且不同香气载体，作为策展搭配发布。
REL-304CC3403DF2,BODYGEL3::肌肤之花洁肤露,肌肤之花洁肤露,SCENT_RITUAL_WITH,EDTFLEUR::肌肤之花淡香水,肌肤之花淡香水,香气延续,身体护理与个人香氛仪式,normalized_collection+curatorial_rule+model_review+codex_rule_gate,collection_or_scent,同一已清洗系列：肌肤之花,https://www.diptyque-cn.com/p/fleur-de-peau-cleansing-hand-and-body-gel.html,0.78,approved,codex_model_assisted_review,2026-07-27,策展推荐，不代表品牌点名该具体组合。模型初审理由：同系列身体护理与个人香氛，匹配。 规则复核：同系列身体护理与个人香氛，模型与结构规则一致。
REL-3249C75CE657,HOMEHGFOCARB2G::圣日尔曼大道34号香氛皂,圣日尔曼大道34号 - 香氛皂,SCENT_RITUAL_WITH,EDP34BEDP75::圣日尔曼大道34号淡香精,圣日尔曼大道34号淡香精,香气延续,身体护理与个人香氛仪式,normalized_collection+curatorial_rule+model_review+codex_rule_gate,collection_or_scent,同一已清洗系列：圣日尔曼大道34号,https://www.diptyque-cn.com/p/savon-34-boulevard-saint-germain-1.html,0.78,approved,codex_model_assisted_review,2026-07-27,策展推荐，不代表品牌点名该具体组合。模型初审理由：同系列香型匹配，身体护理与个人香氛可搭配使用。 规则复核：同系列身体护理与个人香氛，模型与结构规则一致。
REL-35A15746D9EB,HOMEREEDREFILL200H::玫瑰香调香氛皂,玫瑰香调 - 香氛皂,SCENT_RITUAL_WITH,EDTROSE::玫瑰香调淡香水,玫瑰香调淡香水,香气延续,身体护理与个人香氛仪式,normalized_collection+curatorial_rule+model_review+codex_rule_gate,collection_or_scent,同一已清洗系列：玫瑰香调,https://www.diptyque-cn.com/p/eau-rose-perfumed-soap.html,0.78,approved,codex_model_assisted_review,2026-07-27,策展推荐，不代表品牌点名该具体组合。模型初审理由：同一已清洗系列'玫瑰香调'，香调匹配，香氛皂与淡香水互补，符合政策。 规则复核：同系列身体护理与个人香氛，模型与结构规则一致。
REL-3877C877BCB5,CANDLEBAIESBN2::中号香氛蜡烛浆果香,中号香氛蜡烛-浆果香,PAIRS_WITH,HOMERSP::浆果香室内喷雾,浆果香 - 室内喷雾,搭配,同系列香气或同设计搭配,normalized_collection+curatorial_rule+model_review+codex_rule_gate,collection_or_scent,同一已清洗系列：浆果香,https://www.diptyque-cn.com/p/bougie-baie-berries-remavp.html,0.80,approved,codex_model_assisted_review,2026-07-27,策展推荐，不代表品牌点名该具体组合。模型初审理由：均为浆果香系列家居香氛，蜡烛与室内喷雾可搭配使用，属同一气味非官方配对。 规则复核：同系列且不同香气载体，作为策展搭配发布。
REL-3F42A6AAFE17,BODYGEL3::肌肤之花洁肤露,肌肤之花洁肤露,SCENT_RITUAL_WITH,HAIRMIST::肌肤之花发香喷雾,肌肤之花发香喷雾,香气延续,身体护理与个人香氛仪式,normalized_collection+curatorial_rule+model_review+codex_rule_gate,collection_or_scent,同一已清洗系列：肌肤之花,https://www.diptyque-cn.com/p/fleur-de-peau-cleansing-hand-and-body-gel.html,0.78,approved,codex_model_assisted_review,2026-07-27,策展推荐，不代表品牌点名该具体组合。模型初审理由：肌肤之花洁肤露与发香喷雾同系列香材互补，气味协调。 规则复核：同系列身体护理与个人香氛，模型与结构规则一致。
REL-3F6CFE8B9DB9,BODYLOTIONS2::晚香玉室内喷雾,晚香玉 - 室内喷雾,PAIRS_WITH,CANDLETB::迷你香氛蜡烛晚香玉,迷你香氛蜡烛-晚香玉,搭配,同系列香气或同设计搭配,normalized_collection+curatorial_rule+model_review+codex_rule_gate,collection_or_scent,同一已清洗系列：晚香玉,https://www.diptyque-cn.com/p/tubereuse-tuberose-room-spray.html,0.80,approved,codex_model_assisted_review,2026-07-27,策展推荐，不代表品牌点名该具体组合。模型初审理由：晚香玉系列室内喷雾与迷你香氛蜡烛为同系列不同家居香氛形式，支持同类香型搭配。 规则复核：同系列且不同香气载体，作为策展搭配发布。
REL-42FE76D8C47E,CANDLEMI::迷你香氛蜡烛含羞草,迷你香氛蜡烛-含羞草,PAIRS_WITH,HOMERSP9::含羞草扩香精,含羞草 - 扩香精,搭配,同系列香气或同设计搭配,normalized_collection+curatorial_rule+model_review+codex_rule_gate,collection_or_scent,同一已清洗系列：含羞草,https://www.diptyque-cn.com/p/petite-bougie-mimosa-1.html,0.80,approved,codex_model_assisted_review,2026-07-27,策展推荐，不代表品牌点名该具体组合。模型初审理由：同清洁系列含羞草不同家居香氛形式，符合同系列配对政策。 规则复核：同系列且不同香气载体，作为策展搭配发布。
REL-4437F8CE1756,BODYLOTIONS1::杜桑香氛润肤乳,杜桑香氛润肤乳,SCENT_RITUAL_WITH,HAIRMIST4::杜桑发香喷雾,杜桑发香喷雾,香气延续,身体护理与个人香氛仪式,normalized_collection+curatorial_rule+model_review+codex_rule_gate,collection_or_scent,同一已清洗系列：杜桑,https://www.diptyque-cn.com/p/doson-hand-and-body-lotion-1.html,0.78,approved,codex_model_assisted_review,2026-07-27,策展推荐，不代表品牌点名该具体组合。模型初审理由：身体护理润肤乳与个人香氛发香喷雾同属杜桑系列，香型一致，适合搭配使用。 规则复核：同系列身体护理与个人香氛，模型与结构规则一致。
REL-446CAABE1D20,concept::身体护理::润肤乳::肌肤之花润肤乳,肌肤之花润肤乳,SCENT_RITUAL_WITH,DIPXM25LARGEEDPFL::典藏版肌肤之花淡香精,典藏版肌肤之花淡香精,香气延续,身体护理与个人香氛仪式,normalized_collection+curatorial_rule+model_review+codex_rule_gate,collection_or_scent,同一已清洗系列：肌肤之花,https://www.diptyque-cn.com/p/fleur-de-peau-hand-and-body-lotion-1.html,0.78,approved,codex_model_assisted_review,2026-07-27,策展推荐，不代表品牌点名该具体组合。模型初审理由：肌肤之花润肤乳与典藏版淡香精气味一致，适合仪式搭配。 规则复核：同系列身体护理与个人香氛，模型与结构规则一致。
REL-45FA222ED496,CANDLEBAIESBN2::中号香氛蜡烛浆果香,中号香氛蜡烛-浆果香,PAIRS_WITH,HOMESCO2::浆果香室内香氛蜡,浆果香室内香氛蜡,搭配,同系列香气或同设计搭配,normalized_collection+curatorial_rule+model_review+codex_rule_gate,collection_or_scent,同一已清洗系列：浆果香,https://www.diptyque-cn.com/p/bougie-baie-berries-remavp.html,0.80,approved,codex_model_assisted_review,2026-07-27,策展推荐，不代表品牌点名该具体组合。模型初审理由：均为浆果香系列家居香氛，蜡烛与室内香氛蜡可搭配使用，属同一气味非官方配对。 规则复核：同系列且不同香气载体，作为策展搭配发布。
REL-46C474A05406,HOMERSP1::圣日尔曼大道34号室内喷雾,圣日尔曼大道34号室内喷雾,PAIRS_WITH,HOMESCO1::圣日尔曼大道34号室内香氛蜡,圣日尔曼大道34号室内香氛蜡,搭配,同系列香气或同设计搭配,normalized_collection+curatorial_rule+model_review+codex_rule_gate,collection_or_scent,同一已清洗系列：圣日尔曼大道34号,https://www.diptyque-cn.com/p/34-boulevard-saint-germain-room-spray-1.html,0.80,approved,codex_model_assisted_review,2026-07-27,策展推荐，不代表品牌点名该具体组合。模型初审理由：同一已清洗系列圣日尔曼大道34号，室内喷雾与室内香氛蜡，可作为同香型搭配推荐。 规则复核：同系列且不同香气载体，作为策展搭配发布。
REL-51A80BB666F4,HANDCRE4::肌肤之花护手霜,肌肤之花护手霜,SCENT_RITUAL_WITH,DIPXM25LARGEEDPFL::典藏版肌肤之花淡香精,典藏版肌肤之花淡香精,香气延续,身体护理与个人香氛仪式,normalized_collection+curatorial_rule+model_review+codex_rule_gate,collection_or_scent,同一已清洗系列：肌肤之花,https://www.diptyque-cn.com/p/fleur-de-peau-hand-cream-45-ml-1.html,0.78,approved,codex_model_assisted_review,2026-07-27,策展推荐，不代表品牌点名该具体组合。模型初审理由：同一已清洗系列'肌肤之花'，香调匹配，护手霜与淡香精互补，符合政策。 规则复核：同系列身体护理与个人香氛，模型与结构规则一致。
REL-537286F3EAA3,HOMEHGFOCARB2H::感官之水香氛皂,感官之水 - 香氛皂,SCENT_RITUAL_WITH,HAIRMIST2::感官之水发香喷雾,感官之水发香喷雾,香气延续,身体护理与个人香氛仪式,normalized_collection+curatorial_rule+model_review+codex_rule_gate,collection_or_scent,同一已清洗系列：感官之水,https://www.diptyque-cn.com/p/eau-des-sens.html,0.78,approved,codex_model_assisted_review,2026-07-27,策展推荐，不代表品牌点名该具体组合。模型初审理由：身体护理香氛皂与个人香氛发香喷雾同属感官之水系列，香型一致，适合搭配使用。 规则复核：同系列身体护理与个人香氛，模型与结构规则一致。
REL-55547E0EC157,CANDLEABA2::中号香氛蜡烛琥珀,中号香氛蜡烛-琥珀,PAIRS_WITH,HOMERSP::琥珀室内喷雾,琥珀 - 室内喷雾,搭配,同系列香气或同设计搭配,normalized_collection+curatorial_rule+model_review+codex_rule_gate,collection_or_scent,同一已清洗系列：琥珀,https://www.diptyque-cn.com/p/amber-candle-300-remavp.html,0.80,approved,codex_model_assisted_review,2026-07-27,策展推荐，不代表品牌点名该具体组合。模型初审理由：均为琥珀系列家居香氛，蜡烛与室内喷雾可搭配使用，属同一气味非官方配对。 规则复核：同系列且不同香气载体，作为策展搭配发布。
REL-58EBEADCDACE,CANDLETB1500::超大号香氛蜡烛晚香玉,超大号香氛蜡烛-晚香玉,PAIRS_WITH,HOMEHGFOCARB2B::晚香玉扩香精,晚香玉扩香精,搭配,同系列香气或同设计搭配,normalized_collection+curatorial_rule+model_review+codex_rule_gate,collection_or_scent,同一已清洗系列：晚香玉,https://www.diptyque-cn.com/p/tubereuse-tuberose-interior-exterior-candle.html,0.80,approved,codex_model_assisted_review,2026-07-27,策展推荐，不代表品牌点名该具体组合。模型初审理由：晚香玉系列超大号香氛蜡烛与扩香精为同系列不同家居香氛形式，支持同类香型搭配。 规则复核：同系列且不同香气载体，作为策展搭配发布。
REL-5C72A35332EC,CANDLEBAIESB600::大号香氛蜡烛浆果香,大号香氛蜡烛-浆果香,PAIRS_WITH,HOMERSP8::浆果香扩香精,浆果香 - 扩香精,搭配,同系列香气或同设计搭配,normalized_collection+curatorial_rule+model_review+codex_rule_gate,collection_or_scent,同一已清洗系列：浆果香,https://www.diptyque-cn.com/p/berries-candle-600g.html,0.80,approved,codex_model_assisted_review,2026-07-27,策展推荐，不代表品牌点名该具体组合。模型初审理由：浆果香蜡烛与扩香精同属浆果香系列，可作为同香型家居香氛搭配。 规则复核：同系列且不同香气载体，作为策展搭配发布。
REL-6149EB5CACF5,BODYOIL::杜桑柔肤沐浴油,杜桑柔肤沐浴油,SCENT_RITUAL_WITH,HAIRMIST4::杜桑发香喷雾,杜桑发香喷雾,香气延续,身体护理与个人香氛仪式,normalized_collection+curatorial_rule+model_review+codex_rule_gate,collection_or_scent,同一已清洗系列：杜桑,https://www.diptyque-cn.com/p/do-son-shower-oil-1.html,0.78,approved,codex_model_assisted_review,2026-07-27,策展推荐，不代表品牌点名该具体组合。模型初审理由：身体护理沐浴油与个人香氛发香喷雾同属杜桑系列，香型一致，适合搭配使用。 规则复核：同系列身体护理与个人香氛，模型与结构规则一致。
REL-62EA121A98EF,BODYLOTIONS3::橙花室内喷雾,橙花 - 室内喷雾,PAIRS_WITH,HOMEHGFOCARB2E::橙花扩香精,橙花扩香精,搭配,同系列香气或同设计搭配,normalized_collection+curatorial_rule+model_review+codex_rule_gate,collection_or_scent,同一已清洗系列：橙花,https://www.diptyque-cn.com/p/fleur-d-oranger-orange-blossom-room-spray.html,0.80,approved,codex_model_assisted_review,2026-07-27,策展推荐，不代表品牌点名该具体组合。模型初审理由：橙花室内喷雾与橙花扩香精为同一系列，可作为同香型搭配。 规则复核：同系列且不同香气载体，作为策展搭配发布。
REL-6356160BDE22,CANDLEMI::香氛蜡烛含羞草,香氛蜡烛-含羞草,PAIRS_WITH,HOMERSP3::含羞草室内喷雾,含羞草室内喷雾,搭配,同系列香气或同设计搭配,normalized_collection+curatorial_rule+model_review+codex_rule_gate,collection_or_scent,同一已清洗系列：含羞草,https://www.diptyque-cn.com/p/mimosa-candle-1-remavp.html,0.80,approved,codex_model_assisted_review,2026-07-27,策展推荐，不代表品牌点名该具体组合。模型初审理由：同清洁系列含羞草不同家居香氛形式，符合同系列配对政策。 规则复核：同系列且不同香气载体，作为策展搭配发布。
REL-64A32B9941F9,BODYGEL2::奥费恩洁肤露,奥费恩洁肤露,SCENT_RITUAL_WITH,DIPXM25LARGEEDPOR::典藏版奥费恩淡香精,典藏版奥费恩淡香精,香气延续,身体护理与个人香氛仪式,normalized_collection+curatorial_rule+model_review+codex_rule_gate,collection_or_scent,同一已清洗系列：奥费恩,https://www.diptyque-cn.com/p/orpheon-cleansing-hand-and-body-gel-1.html,0.78,approved,codex_model_assisted_review,2026-07-27,策展推荐，不代表品牌点名该具体组合。模型初审理由：奥费恩洁肤露与淡香精同属奥费恩系列，香材一致，适合香氛仪式。 规则复核：同系列身体护理与个人香氛，模型与结构规则一致。
REL-67AA10749A2F,HANDCRE3::巴黎之水护手霜,巴黎之水护手霜,SCENT_RITUAL_WITH,EDPCAPITAP75C::巴黎之水淡香精,巴黎之水淡香精,香气延续,身体护理与个人香氛仪式,normalized_collection+curatorial_rule+model_review+codex_rule_gate,collection_or_scent,同一已清洗系列：巴黎之水,https://www.diptyque-cn.com/p/creme-de-parfum-pour-les-mains-eau-capitale-45-ml-1.html,0.78,approved,codex_model_assisted_review,2026-07-27,策展推荐，不代表品牌点名该具体组合。模型初审理由：巴黎之水护手霜与淡香精同系列，香材一致，适合香氛仪式。 规则复核：同系列身体护理与个人香氛，模型与结构规则一致。
REL-6D4F147510C1,DECODECO01622::水墨画陶瓷烛盖S,水墨画陶瓷烛盖 S,PAIRS_WITH,DECOPAINT01617::水墨画陶瓷托盘,水墨画陶瓷托盘,搭配,同系列香气或同设计搭配,official_product_copy+design_identity+model_review+codex_rule_gate,pdp_long_description,大理石纹陶土幻化为迷幻飘渺的烟圈，对比色交织成独特的风景。与混色陶瓷烛台和托盘搭配皆宜，营造和谐美感。,https://www.diptyque-cn.com/p/deco01622-deco.html,0.86,approved,codex_model_assisted_review,2026-07-27,策展推荐，不代表品牌点名该具体组合。模型初审理由：产品描述提到可与托盘搭配，设计身份一致（水墨画陶瓷）。 规则复核：官方商品文案点明目标品型，且设计身份规则已对齐。
REL-6E33FA59F617,CANDLETBR2::中号香氛蜡烛晚香玉,中号香氛蜡烛-晚香玉,PAIRS_WITH,HOMEHGFOCARB2B::晚香玉扩香精,晚香玉扩香精,搭配,同系列香气或同设计搭配,normalized_collection+curatorial_rule+model_review+codex_rule_gate,collection_or_scent,同一已清洗系列：晚香玉,https://www.diptyque-cn.com/p/tubereuse-candle-300g-remavp.html,0.80,approved,codex_model_assisted_review,2026-07-27,策展推荐，不代表品牌点名该具体组合。模型初审理由：均为晚香玉系列家居香氛，蜡烛与扩香精可组合使用，属同一气味非官方配对。 规则复核：同系列且不同香气载体，作为策展搭配发布。
REL-6F592C112D85,concept::身体护理::润肤乳::肌肤之花润肤乳,肌肤之花润肤乳,SCENT_RITUAL_WITH,HAIRMIST::肌肤之花发香喷雾,肌肤之花发香喷雾,香气延续,身体护理与个人香氛仪式,normalized_collection+curatorial_rule+model_review+codex_rule_gate,collection_or_scent,同一已清洗系列：肌肤之花,https://www.diptyque-cn.com/p/fleur-de-peau-hand-and-body-lotion-1.html,0.78,approved,codex_model_assisted_review,2026-07-27,策展推荐，不代表品牌点名该具体组合。模型初审理由：肌肤之花润肤乳与发香喷雾同系列香材，身体护理与香氛互补。 规则复核：同系列身体护理与个人香氛，模型与结构规则一致。
REL-75739CB50D3E,BODYLOTIONS1::杜桑香氛润肤乳,杜桑香氛润肤乳,SCENT_RITUAL_WITH,EDTDOSON::杜桑淡香水,杜桑淡香水,香气延续,身体护理与个人香氛仪式,normalized_collection+curatorial_rule+model_review+codex_rule_gate,collection_or_scent,同一已清洗系列：杜桑,https://www.diptyque-cn.com/p/doson-hand-and-body-lotion-1.html,0.78,approved,codex_model_assisted_review,2026-07-27,策展推荐，不代表品牌点名该具体组合。模型初审理由：同一杜桑系列，润肤乳与淡香水气味匹配，适合作为香氛仪式搭配。 规则复核：同系列身体护理与个人香氛，模型与结构规则一致。
REL-75C693B0E88C,CANDLEROSE::迷你香氛蜡烛玫瑰,迷你香氛蜡烛-玫瑰,PAIRS_WITH,HOMEHGFOCARB2C::玫瑰扩香精,玫瑰扩香精,搭配,同系列香气或同设计搭配,normalized_collection+curatorial_rule+model_review+codex_rule_gate,collection_or_scent,同一已清洗系列：玫瑰,https://www.diptyque-cn.com/p/roses-small-candle.html,0.80,approved,codex_model_assisted_review,2026-07-27,策展推荐，不代表品牌点名该具体组合。模型初审理由：迷你香氛蜡烛与扩香精同属玫瑰系列，家居香氛不同形态可搭配作为同香型组合。 规则复核：同系列且不同香气载体，作为策展搭配发布。
REL-79C651E01819,EDTNERO100V1::橙花香调淡香水,橙花香调淡香水,EXTENDS_TO_HOME,HOMELDDRGDISHSOAP1::橙花餐具清洁液,橙花餐具清洁液,延伸至家居,个人香氛延伸至空间香气,normalized_collection+curatorial_rule+model_review+codex_rule_gate,collection_or_scent,同一已清洗系列：橙花,https://www.diptyque-cn.com/p/eau-de-toilette-eau-de-neroli-1.html,0.80,approved,codex_model_assisted_review,2026-07-27,策展推荐，不代表品牌点名该具体组合。模型初审理由：橙花淡香水与橙花餐具清洁液，同系列气味，可延伸至家居清洁产品。 规则复核：同系列个人香氛向空间香气延展，模型与结构规则一致。
REL-82604C266EDE,CANDLEROSE600::大号香氛蜡烛玫瑰,大号香氛蜡烛-玫瑰,PAIRS_WITH,HOMESCO4::玫瑰室内香氛蜡,玫瑰室内香氛蜡,搭配,同系列香气或同设计搭配,normalized_collection+curatorial_rule+model_review+codex_rule_gate,collection_or_scent,同一已清洗系列：玫瑰,https://www.diptyque-cn.com/p/roses-candle-600g.html,0.80,approved,codex_model_assisted_review,2026-07-27,策展推荐，不代表品牌点名该具体组合。模型初审理由：玫瑰蜡烛与室内香氛蜡同属玫瑰系列，可作为同香型家居香氛搭配。 规则复核：同系列且不同香气载体，作为策展搭配发布。
REL-88B68A7EF571,CANDLEBAIES::香氛蜡烛浆果香,香氛蜡烛-浆果香,PAIRS_WITH,HOMESCO2::浆果香室内香氛蜡,浆果香室内香氛蜡,搭配,同系列香气或同设计搭配,normalized_collection+curatorial_rule+model_review+codex_rule_gate,collection_or_scent,同一已清洗系列：浆果香,https://www.diptyque-cn.com/p/berries-candle-190g-remavp.html,0.80,approved,codex_model_assisted_review,2026-07-27,策展推荐，不代表品牌点名该具体组合。模型初审理由：同一浆果香系列的不同家居香氛形式（蜡烛与室内香氛蜡），属于同香型搭配，可批准为精选配对。 规则复核：同系列且不同香气载体，作为策展搭配发布。
REL-8A3E9E4A7C94,BODYLOTIONS::玫瑰香调润肤乳,玫瑰香调 - 润肤乳,SCENT_RITUAL_WITH,EDTROSE::玫瑰香调淡香水,玫瑰香调淡香水,香气延续,身体护理与个人香氛仪式,normalized_collection+curatorial_rule+model_review+codex_rule_gate,collection_or_scent,同一已清洗系列：玫瑰香调,https://www.diptyque-cn.com/p/eau-rose-hand-and-body-lotion-1.html,0.78,approved,codex_model_assisted_review,2026-07-27,策展推荐，不代表品牌点名该具体组合。模型初审理由：玫瑰香调润肤乳与淡香水同属玫瑰香调系列，香材一致，适合作为香氛仪式搭配。 规则复核：同系列身体护理与个人香氛，模型与结构规则一致。
REL-8BDA55254276,CANDLEFI600::大号香氛蜡烛无花果,大号香氛蜡烛-无花果,PAIRS_WITH,HOMERSP::无花果室内喷雾,无花果 - 室内喷雾,搭配,同系列香气或同设计搭配,normalized_collection+curatorial_rule+model_review+codex_rule_gate,collection_or_scent,同一已清洗系列：无花果,https://www.diptyque-cn.com/p/home-fi600-600g.html,0.80,approved,codex_model_assisted_review,2026-07-27,策展推荐，不代表品牌点名该具体组合。模型初审理由：同一已清洗系列无花果，蜡烛与室内喷雾，可作为同香型搭配推荐。 规则复核：同系列且不同香气载体，作为策展搭配发布。
REL-8D6C6EC9781B,EDTNERO100V1::橙花香调淡香水,橙花香调淡香水,EXTENDS_TO_HOME,HOMEHGFOCARB2E::橙花扩香精,橙花扩香精,延伸至家居,个人香氛延伸至空间香气,normalized_collection+curatorial_rule+model_review+codex_rule_gate,collection_or_scent,同一已清洗系列：橙花,https://www.diptyque-cn.com/p/eau-de-toilette-eau-de-neroli-1.html,0.80,approved,codex_model_assisted_review,2026-07-27,策展推荐，不代表品牌点名该具体组合。模型初审理由：橙花淡香水与橘花扩香精，同系列香调，适合家居扩展。 规则复核：同系列个人香氛向空间香气延展，模型与结构规则一致。
REL-8E90F81178FB,DECODECO01648::白色金字塔陶瓷烛盖,白色金字塔陶瓷烛盖,PAIRS_WITH,DECODECO01649::白色金字塔陶瓷烛台,白色金字塔陶瓷烛台,搭配,同系列香气或同设计搭配,official_product_copy+design_identity+model_review+codex_rule_gate,pdp_long_description,精致的造型提升燃烛格调，既可保护桌面免受热损，亦可作为小托盘使用。与金字塔烛盖搭配，共同营造富有雕塑感的香氛仪式。,https://www.diptyque-cn.com/p/deco-deco01648-pdp.html,0.86,approved,codex_model_assisted_review,2026-07-27,策展推荐，不代表品牌点名该具体组合。模型初审理由：证据明确说明“与金字塔烛盖搭配”，来源和target均为金字塔系列，设计一致。 规则复核：官方商品文案点明目标品型，且设计身份规则已对齐。
REL-931BAA3C281F,CANDLEBAIESBN2::中号香氛蜡烛浆果香,中号香氛蜡烛-浆果香,PAIRS_WITH,HOMERSP8::浆果香扩香精,浆果香 - 扩香精,搭配,同系列香气或同设计搭配,normalized_collection+curatorial_rule+model_review+codex_rule_gate,collection_or_scent,同一已清洗系列：浆果香,https://www.diptyque-cn.com/p/bougie-baie-berries-remavp.html,0.80,approved,codex_model_assisted_review,2026-07-27,策展推荐，不代表品牌点名该具体组合。模型初审理由：均为浆果香系列家居香氛，蜡烛与扩香精可组合使用，属同一气味非官方配对。 规则复核：同系列且不同香气载体，作为策展搭配发布。
REL-93D623B3034F,BODYOIL::杜桑柔肤沐浴油,杜桑柔肤沐浴油,SCENT_RITUAL_WITH,HOMERSP5::杜桑固体香膏,杜桑 - 固体香膏,香气延续,身体护理与个人香氛仪式,normalized_collection+curatorial_rule+model_review+codex_rule_gate,collection_or_scent,同一已清洗系列：杜桑,https://www.diptyque-cn.com/p/do-son-shower-oil-1.html,0.78,approved,codex_model_assisted_review,2026-07-27,策展推荐，不代表品牌点名该具体组合。模型初审理由：身体护理沐浴油与个人香氛固体香膏同属杜桑系列，香型一致，适合搭配使用。 规则复核：同系列身体护理与个人香氛，模型与结构规则一致。
REL-95A7431E5AAB,HANDCRE4::肌肤之花护手霜,肌肤之花护手霜,SCENT_RITUAL_WITH,EDPFLEURP75C::肌肤之花淡香精,肌肤之花淡香精,香气延续,身体护理与个人香氛仪式,normalized_collection+curatorial_rule+model_review+codex_rule_gate,collection_or_scent,同一已清洗系列：肌肤之花,https://www.diptyque-cn.com/p/fleur-de-peau-hand-cream-45-ml-1.html,0.78,approved,codex_model_assisted_review,2026-07-27,策展推荐，不代表品牌点名该具体组合。模型初审理由：肌肤之花系列护手霜与淡香精共享香材，可构建香氛仪式。 规则复核：同系列身体护理与个人香氛，模型与结构规则一致。
REL-975EDECBA203,CANDLEROSE600::大号香氛蜡烛玫瑰,大号香氛蜡烛-玫瑰,PAIRS_WITH,HOMECARDIF6::玫瑰室内喷雾,玫瑰 - 室内喷雾,搭配,同系列香气或同设计搭配,normalized_collection+curatorial_rule+model_review+codex_rule_gate,collection_or_scent,同一已清洗系列：玫瑰,https://www.diptyque-cn.com/p/roses-candle-600g.html,0.80,approved,codex_model_assisted_review,2026-07-27,策展推荐，不代表品牌点名该具体组合。模型初审理由：玫瑰蜡烛与室内喷雾同属玫瑰系列，可作为同香型家居香氛搭配。 规则复核：同系列且不同香气载体，作为策展搭配发布。
REL-977EC6B3852F,CANDLE34B300::中号香氛蜡烛圣日尔曼大道34号,中号香氛蜡烛-圣日尔曼大道34号,PAIRS_WITH,HOMERSP1::圣日尔曼大道34号室内喷雾,圣日尔曼大道34号室内喷雾,搭配,同系列香气或同设计搭配,normalized_collection+curatorial_rule+model_review+codex_rule_gate,collection_or_scent,同一已清洗系列：圣日尔曼大道34号,https://www.diptyque-cn.com/p/34-boulevard-saint-germain-candle-300g-remavp.html,0.80,approved,codex_model_assisted_review,2026-07-27,策展推荐，不代表品牌点名该具体组合。模型初审理由：同一已清洗系列'圣日尔曼大道34号'，家居香氛不同品型搭配，符合政策。 规则复核：同系列且不同香气载体，作为策展搭配发布。
REL-9E7DFE2A9695,CANDLEFI::迷你香氛蜡烛无花果,迷你香氛蜡烛-无花果,PAIRS_WITH,HOMERSP::无花果室内喷雾,无花果 - 室内喷雾,搭配,同系列香气或同设计搭配,normalized_collection+curatorial_rule+model_review+codex_rule_gate,collection_or_scent,同一已清洗系列：无花果,https://www.diptyque-cn.com/p/figuier-fig-tree-small-candle.html,0.80,approved,codex_model_assisted_review,2026-07-27,策展推荐，不代表品牌点名该具体组合。模型初审理由：无花果系列迷你香氛蜡烛与室内喷雾为同系列不同家居香氛形式，支持同类香型搭配。 规则复核：同系列且不同香气载体，作为策展搭配发布。
REL-A12370A0B562,HANDCRE2::杜桑护手霜,杜桑护手霜,SCENT_RITUAL_WITH,EDTDOSON::杜桑淡香水,杜桑淡香水,香气延续,身体护理与个人香氛仪式,normalized_collection+curatorial_rule+model_review+codex_rule_gate,collection_or_scent,同一已清洗系列：杜桑,https://www.diptyque-cn.com/p/do-son-hand-cream-45-ml-1.html,0.78,approved,codex_model_assisted_review,2026-07-27,策展推荐，不代表品牌点名该具体组合。模型初审理由：身体护理护手霜与个人香氛淡香水同属杜桑系列，香型一致，适合搭配使用。 规则复核：同系列身体护理与个人香氛，模型与结构规则一致。
REL-A18C0D7B2C9B,HANDCRE2::杜桑护手霜,杜桑护手霜,SCENT_RITUAL_WITH,HOMERSP5::杜桑固体香膏,杜桑 - 固体香膏,香气延续,身体护理与个人香氛仪式,normalized_collection+curatorial_rule+model_review+codex_rule_gate,collection_or_scent,同一已清洗系列：杜桑,https://www.diptyque-cn.com/p/do-son-hand-cream-45-ml-1.html,0.78,approved,codex_model_assisted_review,2026-07-27,策展推荐，不代表品牌点名该具体组合。模型初审理由：身体护理护手霜与个人香氛固体香膏同属杜桑系列，香型一致，适合搭配使用。 规则复核：同系列身体护理与个人香氛，模型与结构规则一致。
REL-A40574A376DC,CANDLERO300::中号香氛蜡烛玫瑰,中号香氛蜡烛-玫瑰,PAIRS_WITH,HOMESCO4::玫瑰室内香氛蜡,玫瑰室内香氛蜡,搭配,同系列香气或同设计搭配,normalized_collection+curatorial_rule+model_review+codex_rule_gate,collection_or_scent,同一已清洗系列：玫瑰,https://www.diptyque-cn.com/p/bougie-ro-300g.html,0.80,approved,codex_model_assisted_review,2026-07-27,策展推荐，不代表品牌点名该具体组合。模型初审理由：均为玫瑰系列家居香氛，蜡烛与室内香氛蜡可搭配使用，属同一气味非官方配对。 规则复核：同系列且不同香气载体，作为策展搭配发布。
REL-A9415556C50B,CANDLEFI15001::超大号香氛蜡烛无花果,超大号香氛蜡烛-无花果,PAIRS_WITH,HOMERSP::无花果室内喷雾,无花果 - 室内喷雾,搭配,同系列香气或同设计搭配,normalized_collection+curatorial_rule+model_review+codex_rule_gate,collection_or_scent,同一已清洗系列：无花果,https://www.diptyque-cn.com/p/figuier-fig-tree-interior-exterior-candle.html,0.80,approved,codex_model_assisted_review,2026-07-27,策展推荐，不代表品牌点名该具体组合。模型初审理由：无花果蜡烛与无花果室内喷雾属同一系列，同香型搭配。 规则复核：同系列且不同香气载体，作为策展搭配发布。
REL-A98780A53C8D,BODYGEL2::奥费恩洁肤露,奥费恩洁肤露,SCENT_RITUAL_WITH,HOMERSP6::奥费恩固体香膏,奥费恩 - 固体香膏,香气延续,身体护理与个人香氛仪式,normalized_collection+curatorial_rule+model_review+codex_rule_gate,collection_or_scent,同一已清洗系列：奥费恩,https://www.diptyque-cn.com/p/orpheon-cleansing-hand-and-body-gel-1.html,0.78,approved,codex_model_assisted_review,2026-07-27,策展推荐，不代表品牌点名该具体组合。模型初审理由：奥费恩洁肤露与固体香膏同系列，香材相同，适合叠用仪式。 规则复核：同系列身体护理与个人香氛，模型与结构规则一致。
REL-AA1A9697AED2,BODYLOTIONS1::杜桑香氛润肤乳,杜桑香氛润肤乳,SCENT_RITUAL_WITH,HOMERSP5::杜桑固体香膏,杜桑 - 固体香膏,香气延续,身体护理与个人香氛仪式,normalized_collection+curatorial_rule+model_review+codex_rule_gate,collection_or_scent,同一已清洗系列：杜桑,https://www.diptyque-cn.com/p/doson-hand-and-body-lotion-1.html,0.78,approved,codex_model_assisted_review,2026-07-27,策展推荐，不代表品牌点名该具体组合。模型初审理由：身体护理润肤乳与个人香氛固体香膏同属杜桑系列，香型一致，适合搭配使用。 规则复核：同系列身体护理与个人香氛，模型与结构规则一致。
REL-AB58675A288D,CANDLERO1500::超大号香氛蜡烛玫瑰,超大号香氛蜡烛-玫瑰,PAIRS_WITH,HOMEHGFOCARB2C::玫瑰扩香精,玫瑰扩香精,搭配,同系列香气或同设计搭配,normalized_collection+curatorial_rule+model_review+codex_rule_gate,collection_or_scent,同一已清洗系列：玫瑰,https://www.diptyque-cn.com/p/roses-extralarge-candle.html,0.80,approved,codex_model_assisted_review,2026-07-27,策展推荐，不代表品牌点名该具体组合。模型初审理由：超大号玫瑰蜡烛与玫瑰扩香精，同系列香调，可组合推荐。 规则复核：同系列且不同香气载体，作为策展搭配发布。
REL-AB7E28203835,HOMEREEDREFILL200H::玫瑰香调香氛皂,玫瑰香调 - 香氛皂,SCENT_RITUAL_WITH,HAIRMIST3::玫瑰香调发香喷雾,玫瑰香调发香喷雾,香气延续,身体护理与个人香氛仪式,normalized_collection+curatorial_rule+model_review+codex_rule_gate,collection_or_scent,同一已清洗系列：玫瑰香调,https://www.diptyque-cn.com/p/eau-rose-perfumed-soap.html,0.78,approved,codex_model_assisted_review,2026-07-27,策展推荐，不代表品牌点名该具体组合。模型初审理由：同一已清洗系列'玫瑰香调'，香调匹配，香氛皂与发香喷雾互补，符合政策。 规则复核：同系列身体护理与个人香氛，模型与结构规则一致。
REL-AEDB39F4DF72,CANDLE34B300::中号香氛蜡烛圣日尔曼大道34号,中号香氛蜡烛-圣日尔曼大道34号,PAIRS_WITH,HOMESCO1::圣日尔曼大道34号室内香氛蜡,圣日尔曼大道34号室内香氛蜡,搭配,同系列香气或同设计搭配,normalized_collection+curatorial_rule+model_review+codex_rule_gate,collection_or_scent,同一已清洗系列：圣日尔曼大道34号,https://www.diptyque-cn.com/p/34-boulevard-saint-germain-candle-300g-remavp.html,0.80,approved,codex_model_assisted_review,2026-07-27,策展推荐，不代表品牌点名该具体组合。模型初审理由：同一已清洗系列'圣日尔曼大道34号'，家居香氛不同品型搭配，符合政策。 规则复核：同系列且不同香气载体，作为策展搭配发布。
REL-B3197961391D,BODYLOTIONS2::晚香玉室内喷雾,晚香玉 - 室内喷雾,PAIRS_WITH,HOMETB600::大号香氛蜡烛晚香玉,大号香氛蜡烛-晚香玉,搭配,同系列香气或同设计搭配,normalized_collection+curatorial_rule+model_review+codex_rule_gate,collection_or_scent,同一已清洗系列：晚香玉,https://www.diptyque-cn.com/p/tubereuse-tuberose-room-spray.html,0.80,approved,codex_model_assisted_review,2026-07-27,策展推荐，不代表品牌点名该具体组合。模型初审理由：晚香玉室内喷雾与大号蜡烛同属晚香玉系列，可作为同香型家居香氛搭配。 规则复核：同系列且不同香气载体，作为策展搭配发布。
REL-B389C4D685AF,CANDLETAPCDLB1B::琥珀烛台香氛蜡烛,琥珀烛台香氛蜡烛,PAIRS_WITH,HOMERSP::琥珀室内喷雾,琥珀 - 室内喷雾,搭配,同系列香气或同设计搭配,normalized_collection+curatorial_rule+model_review+codex_rule_gate,collection_or_scent,同一已清洗系列：琥珀,https://www.diptyque-cn.com/p/ambre-amber-scented-dinner-candle-75g.html,0.80,approved,codex_model_assisted_review,2026-07-27,策展推荐，不代表品牌点名该具体组合。模型初审理由：琥珀烛台蜡烛与琥珀室内喷雾属同一系列，可作为同香型搭配。 规则复核：同系列且不同香气载体，作为策展搭配发布。
REL-B4B512E1652A,CANDLEAB::香氛蜡烛琥珀,香氛蜡烛-琥珀,PAIRS_WITH,HOMERSP::琥珀室内喷雾,琥珀 - 室内喷雾,搭配,同系列香气或同设计搭配,normalized_collection+curatorial_rule+model_review+codex_rule_gate,collection_or_scent,同一已清洗系列：琥珀,https://www.diptyque-cn.com/p/ambre-amber-candle-remavp.html,0.80,approved,codex_model_assisted_review,2026-07-27,策展推荐，不代表品牌点名该具体组合。模型初审理由：同一琥珀系列的不同家居香氛形式（蜡烛与喷雾），属于同香型搭配，可批准为精选配对。 规则复核：同系列且不同香气载体，作为策展搭配发布。
REL-B5307F1CBA51,EDTPHILO::希腊无花果香调淡香水,希腊无花果香调淡香水,EXTENDS_TO_HOME,HOMESCO3::希腊无花果室内香氛蜡,希腊无花果室内香氛蜡,延伸至家居,个人香氛延伸至空间香气,normalized_collection+curatorial_rule+model_review+codex_rule_gate,collection_or_scent,同一已清洗系列：希腊无花果,https://www.diptyque-cn.com/p/eau-de-toilette-philosykos-100ml-1.html,0.80,approved,codex_model_assisted_review,2026-07-27,策展推荐，不代表品牌点名该具体组合。模型初审理由：同系列希腊无花果香型，个人香氛延伸至家居香氛。 规则复核：同系列个人香氛向空间香气延展，模型与结构规则一致。
REL-B6333DA44246,CANDLEROSE::香氛蜡烛玫瑰,香氛蜡烛-玫瑰,PAIRS_WITH,HOMECARDIF6::玫瑰室内喷雾,玫瑰 - 室内喷雾,搭配,同系列香气或同设计搭配,normalized_collection+curatorial_rule+model_review+codex_rule_gate,collection_or_scent,同一已清洗系列：玫瑰,https://www.diptyque-cn.com/p/roses-candle-remavp.html,0.80,approved,codex_model_assisted_review,2026-07-27,策展推荐，不代表品牌点名该具体组合。模型初审理由：同一玫瑰系列的不同家居香氛形式（蜡烛与喷雾），属于同香型搭配，可批准为精选配对。 规则复核：同系列且不同香气载体，作为策展搭配发布。
REL-B7961FE24E6E,DECODECO01622::水墨画陶瓷烛盖S,水墨画陶瓷烛盖 S,PAIRS_WITH,DECODECO01624::水墨画陶瓷托盘S,水墨画陶瓷托盘 S,搭配,同系列香气或同设计搭配,official_product_copy+design_identity+model_review+codex_rule_gate,pdp_long_description,大理石纹陶土幻化为迷幻飘渺的烟圈，对比色交织成独特的风景。与混色陶瓷烛台和托盘搭配皆宜，营造和谐美感。,https://www.diptyque-cn.com/p/deco01622-deco.html,0.86,approved,codex_model_assisted_review,2026-07-27,策展推荐，不代表品牌点名该具体组合。模型初审理由：文案明确提到“与混色陶瓷烛台和托盘搭配”，且源和目标均为水墨画系列，设计身份匹配。 规则复核：官方商品文案点明目标品型，且设计身份规则已对齐。
REL-B843F11FBAB4,HOMEHGFOCARB2H::感官之水香氛皂,感官之水 - 香氛皂,SCENT_RITUAL_WITH,EDTSUM26SENS100::感官之水淡香水（限量版）,感官之水淡香水（限量版）,香气延续,身体护理与个人香氛仪式,normalized_collection+curatorial_rule+model_review+codex_rule_gate,collection_or_scent,同一已清洗系列：感官之水,https://www.diptyque-cn.com/p/eau-des-sens.html,0.78,approved,codex_model_assisted_review,2026-07-27,策展推荐，不代表品牌点名该具体组合。模型初审理由：同系列香型匹配，身体护理与个人香氛可搭配使用。 规则复核：同系列身体护理与个人香氛，模型与结构规则一致。
REL-BBE8D7A85277,BODYGEL1::希腊无花果香调洁肤露,希腊无花果香调洁肤露,PAIRS_WITH,CAPSULES9::希腊无花果香调润肤乳,希腊无花果香调 - 润肤乳,搭配,同系列香气或同设计搭配,normalized_collection+curatorial_rule+model_review+codex_rule_gate,collection_or_scent,同一已清洗系列：希腊无花果,https://www.diptyque-cn.com/p/philosykos-cleansing-hand-and-body-gel-1.html,0.80,approved,codex_model_assisted_review,2026-07-27,策展推荐，不代表品牌点名该具体组合。模型初审理由：希腊无花果洁肤露与润肤乳同系列共享香材，身体护理产品间气味统一。 规则复核：同系列不同身体护理步骤，作为香气仪式搭配发布。
REL-BC410275B2D9,BODYLOTIONS2::晚香玉室内喷雾,晚香玉 - 室内喷雾,PAIRS_WITH,CANDLETB::香氛蜡烛晚香玉,香氛蜡烛-晚香玉,搭配,同系列香气或同设计搭配,normalized_collection+curatorial_rule+model_review+codex_rule_gate,collection_or_scent,同一已清洗系列：晚香玉,https://www.diptyque-cn.com/p/tubereuse-tuberose-room-spray.html,0.80,approved,codex_model_assisted_review,2026-07-27,策展推荐，不代表品牌点名该具体组合。模型初审理由：晚香玉系列室内喷雾与经典香氛蜡烛为同系列不同家居香氛形式，支持同类香型搭配。 规则复核：同系列且不同香气载体，作为策展搭配发布。
REL-BF9C51D23EE3,HOMEHGFOCARB2H::感官之水香氛皂,感官之水 - 香氛皂,SCENT_RITUAL_WITH,EDTSENS::感官之水淡香水,感官之水淡香水,香气延续,身体护理与个人香氛仪式,normalized_collection+curatorial_rule+model_review+codex_rule_gate,collection_or_scent,同一已清洗系列：感官之水,https://www.diptyque-cn.com/p/eau-des-sens.html,0.78,approved,codex_model_assisted_review,2026-07-27,策展推荐，不代表品牌点名该具体组合。模型初审理由：身体护理香氛皂与个人香氛淡香水同属感官之水系列，香型一致，适合搭配使用。 规则复核：同系列身体护理与个人香氛，模型与结构规则一致。
REL-C31D085DE0EC,HOMERSP3::含羞草室内喷雾,含羞草室内喷雾,PAIRS_WITH,HOMERSP9::含羞草扩香精,含羞草 - 扩香精,搭配,同系列香气或同设计搭配,normalized_collection+curatorial_rule+model_review+codex_rule_gate,collection_or_scent,同一已清洗系列：含羞草,https://www.diptyque-cn.com/p/vaporisateur-d-interieur-mimosa-1.html,0.80,approved,codex_model_assisted_review,2026-07-27,策展推荐，不代表品牌点名该具体组合。模型初审理由：同一已清洗系列含羞草，室内喷雾与扩香精，可作为同香型搭配推荐。 规则复核：同系列且不同香气载体，作为策展搭配发布。
REL-C5F12975F447,CANDLEMI::迷你香氛蜡烛含羞草,迷你香氛蜡烛-含羞草,PAIRS_WITH,HOMERSP3::含羞草室内喷雾,含羞草室内喷雾,搭配,同系列香气或同设计搭配,normalized_collection+curatorial_rule+model_review+codex_rule_gate,collection_or_scent,同一已清洗系列：含羞草,https://www.diptyque-cn.com/p/petite-bougie-mimosa-1.html,0.80,approved,codex_model_assisted_review,2026-07-27,策展推荐，不代表品牌点名该具体组合。模型初审理由：同清洁系列含羞草不同家居香氛形式，符合同系列配对政策。 规则复核：同系列且不同香气载体，作为策展搭配发布。
REL-C77576FD8EDD,HANDCRE4::肌肤之花护手霜,肌肤之花护手霜,SCENT_RITUAL_WITH,HAIRMIST::肌肤之花发香喷雾,肌肤之花发香喷雾,香气延续,身体护理与个人香氛仪式,normalized_collection+curatorial_rule+model_review+codex_rule_gate,collection_or_scent,同一已清洗系列：肌肤之花,https://www.diptyque-cn.com/p/fleur-de-peau-hand-cream-45-ml-1.html,0.78,approved,codex_model_assisted_review,2026-07-27,策展推荐，不代表品牌点名该具体组合。模型初审理由：肌肤之花系列护手霜与发香喷雾气味一致，身体护理与个人香氛互补。 规则复核：同系列身体护理与个人香氛，模型与结构规则一致。
REL-CB970BF3823B,BODYGEL3::肌肤之花洁肤露,肌肤之花洁肤露,SCENT_RITUAL_WITH,EDPFLEURP75C::肌肤之花淡香精,肌肤之花淡香精,香气延续,身体护理与个人香氛仪式,normalized_collection+curatorial_rule+model_review+codex_rule_gate,collection_or_scent,同一已清洗系列：肌肤之花,https://www.diptyque-cn.com/p/fleur-de-peau-cleansing-hand-and-body-gel.html,0.78,approved,codex_model_assisted_review,2026-07-27,策展推荐，不代表品牌点名该具体组合。模型初审理由：肌肤之花洁肤露与淡香精同系列，身体护理与香氛搭配合理。 规则复核：同系列身体护理与个人香氛，模型与结构规则一致。
REL-CCC23816CEDB,HOMEHGFOCARB2A::圣日尔曼大道34号扩香精,圣日尔曼大道34号扩香精,PAIRS_WITH,HOMERSP1::圣日尔曼大道34号室内喷雾,圣日尔曼大道34号室内喷雾,搭配,同系列香气或同设计搭配,normalized_collection+curatorial_rule+model_review+codex_rule_gate,collection_or_scent,同一已清洗系列：圣日尔曼大道34号,https://www.diptyque-cn.com/p/sablier-34-boulevard-saint-germain-2-1.html,0.80,approved,codex_model_assisted_review,2026-07-27,策展推荐，不代表品牌点名该具体组合。模型初审理由：同一已清洗系列圣日尔曼大道34号，扩香精与室内喷雾，可作为同香型搭配推荐。 规则复核：同系列且不同香气载体，作为策展搭配发布。
REL-CF4D035D0425,CANDLEAB::迷你香氛蜡烛琥珀,迷你香氛蜡烛-琥珀,PAIRS_WITH,HOMERSP::琥珀室内喷雾,琥珀 - 室内喷雾,搭配,同系列香气或同设计搭配,normalized_collection+curatorial_rule+model_review+codex_rule_gate,collection_or_scent,同一已清洗系列：琥珀,https://www.diptyque-cn.com/p/ambre-amber-small-candle.html,0.80,approved,codex_model_assisted_review,2026-07-27,策展推荐，不代表品牌点名该具体组合。模型初审理由：迷你香氛蜡烛与室内喷雾同属琥珀系列，家居香氛不同形态可搭配作为同香型组合。 规则复核：同系列且不同香气载体，作为策展搭配发布。
REL-D03B4B9BCE18,CANDLERO300::中号香氛蜡烛玫瑰,中号香氛蜡烛-玫瑰,PAIRS_WITH,HOMECARDIF6::玫瑰室内喷雾,玫瑰 - 室内喷雾,搭配,同系列香气或同设计搭配,normalized_collection+curatorial_rule+model_review+codex_rule_gate,collection_or_scent,同一已清洗系列：玫瑰,https://www.diptyque-cn.com/p/bougie-ro-300g.html,0.80,approved,codex_model_assisted_review,2026-07-27,策展推荐，不代表品牌点名该具体组合。模型初审理由：均为玫瑰系列家居香氛，蜡烛与室内喷雾可搭配使用，属同一气味非官方配对。 规则复核：同系列且不同香气载体，作为策展搭配发布。
REL-D4658A610C6C,concept::身体护理::润肤乳::肌肤之花润肤乳,肌肤之花润肤乳,SCENT_RITUAL_WITH,EDPFLEURP75C::肌肤之花淡香精,肌肤之花淡香精,香气延续,身体护理与个人香氛仪式,normalized_collection+curatorial_rule+model_review+codex_rule_gate,collection_or_scent,同一已清洗系列：肌肤之花,https://www.diptyque-cn.com/p/fleur-de-peau-hand-and-body-lotion-1.html,0.78,approved,codex_model_assisted_review,2026-07-27,策展推荐，不代表品牌点名该具体组合。模型初审理由：肌肤之花润肤乳与淡香精同系列，气味一致，适合仪式。 规则复核：同系列身体护理与个人香氛，模型与结构规则一致。
REL-D538D9A76765,CANDLEFIV2::中号香氛蜡烛无花果,中号香氛蜡烛-无花果,PAIRS_WITH,HOMERSP::无花果室内喷雾,无花果 - 室内喷雾,搭配,同系列香气或同设计搭配,normalized_collection+curatorial_rule+model_review+codex_rule_gate,collection_or_scent,同一已清洗系列：无花果,https://www.diptyque-cn.com/p/bougie-figuier-verte-remavp.html,0.80,approved,codex_model_assisted_review,2026-07-27,策展推荐，不代表品牌点名该具体组合。模型初审理由：同一已清洗系列'无花果'，家居香氛不同品型搭配，符合政策。 规则复核：同系列且不同香气载体，作为策展搭配发布。
REL-DC6AE41275B8,HANDCRE3::巴黎之水护手霜,巴黎之水护手霜,SCENT_RITUAL_WITH,HAIRMIST1::巴黎之水发香喷雾,巴黎之水发香喷雾,香气延续,身体护理与个人香氛仪式,normalized_collection+curatorial_rule+model_review+codex_rule_gate,collection_or_scent,同一已清洗系列：巴黎之水,https://www.diptyque-cn.com/p/creme-de-parfum-pour-les-mains-eau-capitale-45-ml-1.html,0.78,approved,codex_model_assisted_review,2026-07-27,策展推荐，不代表品牌点名该具体组合。模型初审理由：巴黎之水护手霜与发香喷雾同系列，香材一致，适合香氛仪式。 规则复核：同系列身体护理与个人香氛，模型与结构规则一致。
REL-DCDA22B7C10D,CAPSULES9::希腊无花果香调润肤乳,希腊无花果香调 - 润肤乳,SCENT_RITUAL_WITH,HAIRMIST7::希腊无花果香调发香喷雾,希腊无花果香调发香喷雾,香气延续,身体护理与个人香氛仪式,normalized_collection+curatorial_rule+model_review+codex_rule_gate,collection_or_scent,同一已清洗系列：希腊无花果,https://www.diptyque-cn.com/p/philosykos-hand-and-body-lotion-1.html,0.78,approved,codex_model_assisted_review,2026-07-27,策展推荐，不代表品牌点名该具体组合。模型初审理由：希腊无花果润肤乳与发香喷雾同系列，香材一致，适合香氛仪式。 规则复核：同系列身体护理与个人香氛，模型与结构规则一致。
REL-DE0647688D9D,HOMERSP::浆果香室内喷雾,浆果香 - 室内喷雾,PAIRS_WITH,HOMESCO2::浆果香室内香氛蜡,浆果香室内香氛蜡,搭配,同系列香气或同设计搭配,normalized_collection+curatorial_rule+model_review+codex_rule_gate,collection_or_scent,同一已清洗系列：浆果香,https://www.diptyque-cn.com/p/baies-berries-room-spray.html,0.80,approved,codex_model_assisted_review,2026-07-27,策展推荐，不代表品牌点名该具体组合。模型初审理由：浆果香室内喷雾与室内香氛蜡为同一系列，同香型搭配可行。 规则复核：同系列且不同香气载体，作为策展搭配发布。
REL-DFB1FEDBF955,BODYLOTIONS3::橙花室内喷雾,橙花 - 室内喷雾,PAIRS_WITH,CANDLECY1::香氛蜡烛墨西哥橙花,香氛蜡烛-墨西哥橙花,搭配,同系列香气或同设计搭配,normalized_collection+curatorial_rule+model_review+codex_rule_gate,collection_or_scent,同一已清洗系列：橙花,https://www.diptyque-cn.com/p/fleur-d-oranger-orange-blossom-room-spray.html,0.80,approved,codex_model_assisted_review,2026-07-27,策展推荐，不代表品牌点名该具体组合。模型初审理由：橙花室内喷雾与墨西哥橙花蜡烛虽名略异，但同属橙花系列，香型匹配。 规则复核：同系列且不同香气载体，作为策展搭配发布。
REL-DFEB1E9E3541,EDTNERO100V1::橙花香调淡香水,橙花香调淡香水,EXTENDS_TO_HOME,BODYLOTIONS3::橙花室内喷雾,橙花 - 室内喷雾,延伸至家居,个人香氛延伸至空间香气,normalized_collection+curatorial_rule+model_review+codex_rule_gate,collection_or_scent,同一已清洗系列：橙花,https://www.diptyque-cn.com/p/eau-de-toilette-eau-de-neroli-1.html,0.80,approved,codex_model_assisted_review,2026-07-27,策展推荐，不代表品牌点名该具体组合。模型初审理由：个人香氛淡香水与家居室内喷雾，橙花系列一致，可延伸至家居。 规则复核：同系列个人香氛向空间香气延展，模型与结构规则一致。
REL-E053E29B7CFC,CANDLECY1::香氛蜡烛墨西哥橙花,香氛蜡烛-墨西哥橙花,PAIRS_WITH,HOMEHGFOCARB2E::橙花扩香精,橙花扩香精,搭配,同系列香气或同设计搭配,normalized_collection+curatorial_rule+model_review+codex_rule_gate,collection_or_scent,同一已清洗系列：橙花,https://www.diptyque-cn.com/p/fleur-d-oranger-orange-blossom-candle-remavp.html,0.80,approved,codex_model_assisted_review,2026-07-27,策展推荐，不代表品牌点名该具体组合。模型初审理由：同清洁系列橙花不同家居香氛形式，符合同系列配对政策。 规则复核：同系列且不同香气载体，作为策展搭配发布。
REL-E101560D8D90,HOMEHGFOCARB2D::希腊无花果扩香精,希腊无花果扩香精,PAIRS_WITH,HOMESCO3::希腊无花果室内香氛蜡,希腊无花果室内香氛蜡,搭配,同系列香气或同设计搭配,normalized_collection+curatorial_rule+model_review+codex_rule_gate,collection_or_scent,同一已清洗系列：希腊无花果,https://www.diptyque-cn.com/p/sablier-figuier-2-1.html,0.80,approved,codex_model_assisted_review,2026-07-27,策展推荐，不代表品牌点名该具体组合。模型初审理由：希腊无花果扩香精与室内香氛蜡同属希腊无花果系列，可作为同香型家居香氛搭配。 规则复核：同系列且不同香气载体，作为策展搭配发布。
REL-E1ACD0030062,CANDLEAMB1500::超大号香氛蜡烛琥珀,超大号香氛蜡烛-琥珀,PAIRS_WITH,HOMERSP::琥珀室内喷雾,琥珀 - 室内喷雾,搭配,同系列香气或同设计搭配,normalized_collection+curatorial_rule+model_review+codex_rule_gate,collection_or_scent,同一已清洗系列：琥珀,https://www.diptyque-cn.com/p/ambre-amber-extralarge-candle.html,0.80,approved,codex_model_assisted_review,2026-07-27,策展推荐，不代表品牌点名该具体组合。模型初审理由：同清洁系列琥珀不同家居香氛形式，符合同系列配对政策。 规则复核：同系列且不同香气载体，作为策展搭配发布。
REL-E42DB68EDDED,CANDLE34B300::中号香氛蜡烛圣日尔曼大道34号,中号香氛蜡烛-圣日尔曼大道34号,PAIRS_WITH,HOMEHGFOCARB2A::圣日尔曼大道34号扩香精,圣日尔曼大道34号扩香精,搭配,同系列香气或同设计搭配,normalized_collection+curatorial_rule+model_review+codex_rule_gate,collection_or_scent,同一已清洗系列：圣日尔曼大道34号,https://www.diptyque-cn.com/p/34-boulevard-saint-germain-candle-300g-remavp.html,0.80,approved,codex_model_assisted_review,2026-07-27,策展推荐，不代表品牌点名该具体组合。模型初审理由：同一已清洗系列'圣日尔曼大道34号'，家居香氛不同品型搭配，符合政策。 规则复核：同系列且不同香气载体，作为策展搭配发布。
REL-E9C03C7A290C,BODYLOTIONS2::晚香玉室内喷雾,晚香玉 - 室内喷雾,PAIRS_WITH,HOMEHGFOCARB2B::晚香玉扩香精,晚香玉扩香精,搭配,同系列香气或同设计搭配,normalized_collection+curatorial_rule+model_review+codex_rule_gate,collection_or_scent,同一已清洗系列：晚香玉,https://www.diptyque-cn.com/p/tubereuse-tuberose-room-spray.html,0.80,approved,codex_model_assisted_review,2026-07-27,策展推荐，不代表品牌点名该具体组合。模型初审理由：同一晚香玉系列的不同家居香氛形态，可作为同香型搭配推荐。 规则复核：同系列且不同香气载体，作为策展搭配发布。
REL-EB47F22A09DD,HOMERSP8::浆果香扩香精,浆果香 - 扩香精,PAIRS_WITH,concept::家居香氛::烛台香氛蜡烛::浆果香烛台香氛蜡烛,浆果香烛台香氛蜡烛,搭配,同系列香气或同设计搭配,normalized_collection+curatorial_rule+model_review+codex_rule_gate,collection_or_scent,同一已清洗系列：浆果香,https://www.diptyque-cn.com/p/baies-berries-hourglass-diffuser-1.html,0.80,approved,codex_model_assisted_review,2026-07-27,策展推荐，不代表品牌点名该具体组合。模型初审理由：浆果香系列扩香精与烛台蜡烛，同系列不同形态，可搭配。 规则复核：同系列且不同香气载体，作为策展搭配发布。
REL-ECB7312DAC78,CAPSULES9::希腊无花果香调润肤乳,希腊无花果香调 - 润肤乳,SCENT_RITUAL_WITH,EDPPHILOP75C::希腊无花果香调淡香精,希腊无花果香调淡香精,香气延续,身体护理与个人香氛仪式,normalized_collection+curatorial_rule+model_review+codex_rule_gate,collection_or_scent,同一已清洗系列：希腊无花果,https://www.diptyque-cn.com/p/philosykos-hand-and-body-lotion-1.html,0.78,approved,codex_model_assisted_review,2026-07-27,策展推荐，不代表品牌点名该具体组合。模型初审理由：希腊无花果润肤乳与淡香精同系列，香材一致，适合香氛仪式。 规则复核：同系列身体护理与个人香氛，模型与结构规则一致。
REL-F0F7F7F74565,CANDLEBAIESB600::大号香氛蜡烛浆果香,大号香氛蜡烛-浆果香,PAIRS_WITH,HOMERSP::浆果香室内喷雾,浆果香 - 室内喷雾,搭配,同系列香气或同设计搭配,normalized_collection+curatorial_rule+model_review+codex_rule_gate,collection_or_scent,同一已清洗系列：浆果香,https://www.diptyque-cn.com/p/berries-candle-600g.html,0.80,approved,codex_model_assisted_review,2026-07-27,策展推荐，不代表品牌点名该具体组合。模型初审理由：同一已清洗系列浆果香，蜡烛与室内喷雾，可作为同香型搭配推荐。 规则复核：同系列且不同香气载体，作为策展搭配发布。
REL-F1EC73CFB43D,HAIRMIST7::希腊无花果香调发香喷雾,希腊无花果香调发香喷雾,EXTENDS_TO_HOME,HOMESCO3::希腊无花果室内香氛蜡,希腊无花果室内香氛蜡,延伸至家居,个人香氛延伸至空间香气,normalized_collection+curatorial_rule+model_review+codex_rule_gate,collection_or_scent,同一已清洗系列：希腊无花果,https://www.diptyque-cn.com/p/philohmist-hair-mist.html,0.80,approved,codex_model_assisted_review,2026-07-27,策展推荐，不代表品牌点名该具体组合。模型初审理由：同系列希腊无花果香型，个人香氛延伸至家居香氛。 规则复核：同系列个人香氛向空间香气延展，模型与结构规则一致。
REL-F62A6E44BA70,BODYOIL::杜桑柔肤沐浴油,杜桑柔肤沐浴油,SCENT_RITUAL_WITH,EDTDOSON::杜桑淡香水,杜桑淡香水,香气延续,身体护理与个人香氛仪式,normalized_collection+curatorial_rule+model_review+codex_rule_gate,collection_or_scent,同一已清洗系列：杜桑,https://www.diptyque-cn.com/p/do-son-shower-oil-1.html,0.78,approved,codex_model_assisted_review,2026-07-27,策展推荐，不代表品牌点名该具体组合。模型初审理由：身体护理沐浴油与个人香氛淡香水同属杜桑系列，香型一致，适合搭配使用。 规则复核：同系列身体护理与个人香氛，模型与结构规则一致。
REL-F7AFF1EAD8A8,CANDLEMI::香氛蜡烛含羞草,香氛蜡烛-含羞草,PAIRS_WITH,HOMERSP9::含羞草扩香精,含羞草 - 扩香精,搭配,同系列香气或同设计搭配,normalized_collection+curatorial_rule+model_review+codex_rule_gate,collection_or_scent,同一已清洗系列：含羞草,https://www.diptyque-cn.com/p/mimosa-candle-1-remavp.html,0.80,approved,codex_model_assisted_review,2026-07-27,策展推荐，不代表品牌点名该具体组合。模型初审理由：同清洁系列含羞草不同家居香氛形式，符合同系列配对政策。 规则复核：同系列且不同香气载体，作为策展搭配发布。
REL-FC5DFB364B7D,HOMEHGFOCARB2G::圣日尔曼大道34号香氛皂,圣日尔曼大道34号 - 香氛皂,SCENT_RITUAL_WITH,EDT34B::圣日尔曼大道34号淡香水,圣日尔曼大道34号淡香水,香气延续,身体护理与个人香氛仪式,normalized_collection+curatorial_rule+model_review+codex_rule_gate,collection_or_scent,同一已清洗系列：圣日尔曼大道34号,https://www.diptyque-cn.com/p/savon-34-boulevard-saint-germain-1.html,0.78,approved,codex_model_assisted_review,2026-07-27,策展推荐，不代表品牌点名该具体组合。模型初审理由：同系列香型匹配，身体护理与个人香氛可搭配使用。 规则复核：同系列身体护理与个人香氛，模型与结构规则一致。
